Name,PodID,WorkDir
nf-6fa13d6a23ad26f6a442623a2f20f56e-44f58,8d482b17-4951-4910-9bff-12a1ba968e52,
nf-a92a627be0d6e8e6e43a2c81a47a16cb-22039,33cd493c-ab9c-4bd1-b937-37a92bfdb438,
nf-24c2234e4bbf30ddd62977acab9fbd55-ee1cc,836e92a4-b8db-4513-8d34-283ad42819e6,
nf-321b4c535e5e0bd8f6a237de08a10195-157cd,8ed7825c-da1b-4b43-b182-358aaea4abff,
nf-6793f917580e65eff8b02ec2948062cd-a44b8,519310a6-ec0a-4b05-8443-a7748a56e42f,
nf-bb1375975793f06314e8a50442722ea6-fd043,344eceab-baed-4448-baa3-c490eb391db1,
nf-c8cf635616d47be8913cead31f5c3b23-1320f,5f8628d1-e334-466a-99d0-24856f161994,
nf-821e01e96caecb8f5863844eef36bc30-b3a60,9f64cabc-19e1-4c91-b6c5-fc5e9d140876,
nf-0f61dd4c176c07d220542efc4bbe7d8a-3181b,7d8f4a64-52e4-4f64-8636-6887ca0f7401,
nf-b7b8265225cd0daad2b3df6057937a10-b80e2,2e34c5d2-4667-445b-88fa-d24233f3395c,
nf-5accf49038d029be2b8d61c446e5bc2d-0bf2d,27b62b65-aa05-4384-bb2b-d4a00d273f7f,
nf-46d487f0e08ae25fba35f2b431193816-e8533,c9f5665c-5bca-4653-97fe-5801dd4a1223,
nf-35358efa63ffc974fd846c117a638886-f49da,fd950fb9-1cef-419e-8fbc-747cad5647b7,
nf-9d06006922c75ddccd9a51575fae18fc-4bed7,99f2c0ef-cf08-44ec-bd62-0bcb1ab45438,
nf-8d451dcac3d1d68bb7c959b1c9a831f8-ee316,58816a81-ab09-4b3f-9d9d-59e8b7f2a03a,
nf-0a271cd27414003519c83122cfa0d8ae-b5b9c,8f2a827f-9296-4e6d-a2b1-e40d1293140f,
nf-0be57aba9d2a990ec9e501fb75ad4c2d-bf2e1,510bb2ac-6d9a-438b-bc32-073ea37c42ba,
nf-ae2cf5fa7997a93c31f49e24a861f69e-385ae,a3cc0938-30bf-442a-9c78-53bef4405369,
nf-ae1d22b059d7a80bb3d995e2b8f6c280-bc209,3585acee-7502-4b72-957b-b0ac0f37e567,
nf-f5a774d0d8e599749c192c6f832b6e7f-95603,fd1501fa-df39-4a50-bdb1-3eba202a7e6a,
nf-32db2fa441a5966aef572b4ddc24fcaa-69394,87803c12-c0e6-46fb-a5c2-65905142c8fe,
nf-ee8bc995b7d68aed035c690cb66d4867-23b97,cca9ba77-9fd3-40a1-9930-b31eb6c3a464,
nf-7ad0b5dfc7f5c7b9d93ac1c352547b3b-0bb08,75869672-9044-42f2-a769-842a67e2c427,
nf-fdb709134385167c3bc119f01dd47283-40580,0ab653ef-5f16-4b0b-bb14-8ae63e1cb86f,
nf-f1554397de368a8f41bc3783febbd077-c4f66,8408c9e7-7b5e-4c91-8548-c9da82d8447b,
nf-c0a90985ec6967861366db1b4fa02e79-8bfcd,59b999b6-3931-419f-a0e7-9d0e259ca33f,
nf-e5b3265d6ca89afbe446f5a0ad9217da-601dd,a4d2d365-061f-48e0-88c5-709c96a91e50,
nf-3f12110cf38d4714c04d31975b2dd57c-af890,d99e0c33-b760-4554-bf9f-eb56dfd4e1cf,
nf-6bffb3fbdf161eb7310ab9f46429b50d-b9fa5,3abe132a-14c1-4fc5-986f-615350eddc82,
nf-a82cf8fc8e229ff28eb053642a24d517-5605b,afaf526c-714a-4713-b14c-d7aa43ee62f7,
nf-84b596dbdd6bf8f8864188361220f4d4-9fafb,da871569-18e8-4b47-9924-ef7b2c625264,
nf-e69daa78ecd7b6b3debb76fa28f0240b-a0c77,be0090e9-0dcf-4f80-a8ee-c15564e66f35,
nf-a8eba42db41cbed14dbb54974bedf276-47e58,3430c726-26a3-4774-98dc-becd172e64d8,
nf-7c19364fa17a4b936284b26f13e55cba-25b16,34bc4577-a3c8-45e7-b611-752abcdc7b42,
nf-3dbc2dc0f365169ebe22bda95ae05a86-16924,86df690e-2adc-42ae-aba3-8eb68f279a55,
nf-af9b08db8e6406e54563ea6a5cb7e984-975b7,8547f44a-7d64-4531-b461-d276ed5648f4,
nf-8b7077a939c9c0fb51725f85a599dd65-4a888,941a4a02-1635-4a7b-b5ee-9f4e197aba5a,
nf-c1f52bac28c2f69836c835bed4dd6bb5-82f1e,d4cd6120-1b57-4eb6-8890-8a407fea80c6,
nf-920a30243ea17a6ed2f9c3c08602814c-a23dc,2a6a0116-fa9d-49eb-afb8-229e52f4c65d,
nf-c429756863e42589a9431b5409f333a0-6b02f,3cb83d88-ce93-490b-b17d-cac02768c878,
nf-e7892cf1ce6754e7e114dd7886ec816e-82001,54a64947-0fde-4889-9675-ddaa67f3ca7f,
nf-1a5c1b195d30930e24ce56b4a4f0aea5-5e890,fce5dcb2-6b8b-40d7-b5a7-7cba159c2076,
nf-f8b2316ad89492ee40b7b91c17c6ae7f-5f7b6,3f169c6c-2f98-4dc3-864c-beeba814bb29,
nf-46edcb629cb6234130387e618ba8f29d-54e4f,bfc4f09e-d0f3-4192-bbd6-32b520de6f59,
nf-6f3c9eb7211adea90e5148e7231c1c9f-f3595,e8c64552-12bd-4c3f-8f4e-b693663fb1b8,
nf-0fa6f1a57bdecb6439667b53637d9e96-50542,035f1179-ca48-4a20-a823-05d057d791de,
nf-94fb9ed237b53b96b93788fb685887bc-821df,db636547-946a-4625-b901-90d77df51bff,
nf-8fe234767e627878b5f095c93ddb5757-3dd35,affe4a3a-039e-4152-abe7-586c5e60b6db,
nf-0b88124fc9c12d23e9cd710bf8886781-df76d,a9ecb78d-16cc-4c1c-9013-3196fab35801,
nf-7666e32a74a69586f954d60845adbcd7-ef0bc,12a903b1-7f5d-4aa9-9d92-7100d451b035,
nf-9a90b0839cfec00e1f91263442670760-fbb15,2c236ef8-13b5-4154-a642-b9271e7502d5,
nf-5e0fb32344a2c829fe1e23df0900ea98-1787e,b25b4bc4-885a-474d-bec2-a70adf5f27dd,
nf-bd482088623b17684fc45ccbff30f776-23458,c3d0f487-aeb9-43af-80d3-4fcedc2d1f44,
nf-255b924756b6659741524cdd5f849593-ab726,d0820ebd-90cb-42d6-bd0b-62f0f2f728b3,
nf-bac1e296d8000c377a4180db588e26a4-fd7f1,f64fb01d-9990-4fea-bd30-c189136e34e5,
nf-d88a891b0d70c35d4f203ad1a61a47b5-5c8c3,34d960e8-3af2-401a-993a-e8f1fcf60794,
nf-b2e31d7606e12a9aa20b542f81caee8c-4bd56,179f3cfb-bd32-46bf-bccb-80cb02382c90,
nf-c33f6cbfb0a5f96e165b1ed53dd6bd45-e77ec,527779f3-93be-4888-bb5b-455cb1a3fc11,
nf-3d86e46667f592b53fb14fcdab5064a0-3e717,f359d57b-b682-44d2-8a55-e6dcefe8d403,
nf-1c5ec9fa28dfa3991f306c8a40a99896-73668,627a1e13-9c5f-4bfa-8a06-fc0e48050b3a,
nf-5f7c17eedc7911b339243cff76440c95-f757b,625ebf24-77c3-4883-b29c-cd0bfb6ab43a,
nf-7d3274375bfc4e1449786aecf1f0a56c-13b87,6576c854-ffdc-4bde-a3ed-bcd7c02d9b68,
nf-c564bb8e08cedadc409170a52d9d2c80-52a50,b57c77da-952f-4571-8b88-4cf3b32e4911,
nf-476bed0d9068858d6a866344ffe3cf71-88ec4,69808549-e769-4755-ba9d-f67c342cf4f3,
nf-96f8823e0a3b9148a580c829284cee1c-4d7e5,4accb430-7e7d-4a79-8245-6f6042625a39,
nf-0498d46987c26e1e966f9641309e24af-3d828,ba07a1ef-54d2-4e5e-a6bf-7f2c5a33ef31,
nf-12cdda901f6a99b7df2c7bc0cda0b127-6e076,1f0aaec4-d117-483e-b799-2327d8f6c146,
nf-b388b98eb5900f0191fb2ead4e0435ec-611b0,8bd6b4d1-0dce-4d67-af7b-6ef2051b8d1b,
nf-5ffe0ed8a9a5db4c75922122d833cb50-96c1c,205f1003-5378-4e7a-b938-1f434eb3fac4,
nf-e62b7d3734f039e0aba0c3ce08ae3fb0-667a9,5896401c-9425-40b1-b041-e1e21cedf490,
nf-4e5b0ea29e2f93b5b67657b14332a1b8-0e326,437037bb-027b-4690-aa66-18472ada16ee,
nf-1d85d2281997b2241edfac19cb1c3960-2280e,80d5654c-fd53-40c2-8b71-bb6db1bcc508,
nf-60f836abd723f8995e911306d3fc1c13-aec86,5b57b820-a845-4df5-bdbe-6e07d1815937,
nf-71902f474eed12771943698f7a3a720b-33162,6e963ca7-3472-4528-ad53-dd190706078e,
nf-5fe5548b3e79b1aa2938fa66134a419e-3342b,0140a749-da60-4cd1-af1e-9f59492c5c12,
nf-163b6521d01687dec6eb6a339ef82798-d48ad,8ba3fff6-5cde-4d90-8068-d359d835c537,
nf-e18a0b903c8da51c892e594b1e230d76-081f7,fc54eb55-62ff-4907-9781-2709f9323cbb,
nf-098ef5f6e564e220a013e560314183b6-d1af0,224fd8bb-c810-4ccf-802f-3d41930727cd,
nf-f46e81e891ab4b025c98f405b68c036e-94a1e,8dc58a20-b257-4771-b1cc-5aeaaab41477,
nf-c6b03bfe8a17d069a128dcdf26f3f762-f8771,69b410c6-b9ca-4dae-a436-7a8fab0114bf,
nf-5896c80499b39465d568921c9724861e-8e762,ab1b52da-e53e-43d3-b966-a62827d9168e,
nf-bb0878b56374d960defc438a7d87f50b-f2f6a,9cebb148-2b04-4c19-a3ab-13f42874c254,
nf-39539b2c0213f82fe4112f1914311fcf-0dffe,e34e883e-ce47-43d6-b45d-c0eed02d722c,
nf-47b8d2cae20407dc23afa467707ca18d-89e66,327092dc-108c-4eca-9167-f132f5eb8d91,
nf-e22af5855f2a75eb32c0337dd80934d2-3efc9,b6d3d6c7-cd70-43a7-8675-50359fb43fef,
nf-c683057427d89fdae35eb0d966b5a314-ab613,28016453-0567-4626-86d4-ddc23781ca83,
nf-6a0f75850d8573470d97db7712d26079-ca57e,0d1ae978-a1f8-4988-8517-feb6c2225831,
nf-6b00aa8a8f78cd8bc64e3c9555277745-ad791,d2ee5bc5-0a6f-4ae6-875f-a7007eba94c8,
nf-1954c25060bf7c77638913e54be424ba-3844b,1c1a9c80-ce0b-4059-b5be-a49148654347,
nf-b41198a8d4465c1f59e0d720f275424f-3e2eb,d60f3cf5-b236-4329-886e-fee9a51a3303,
nf-836c3557a63a008a4b46ccec64922ef8-40ce2,aaff909a-c80a-4dd5-8873-6c908152a3c9,
nf-8d8733355662e8cbcd8a409589e49c13-1dcfd,eece1b53-772b-4fce-9dfe-983aa871d480,
nf-23cf901ac6c3b8eb7744603617711989-efacc,e7e4825e-f0c9-411c-9910-fd1195353e65,
nf-205a488208905e5e945db56008d5c51c-bdd6b,dff0fb01-6719-4193-b8c7-1c2765c7d3cd,
nf-1f48ef0534d1c1bd1a5a9cafd94e65ba-f27df,dd5ce446-bd48-40fd-ab56-e620510da519,
nf-d06a03228137840a49d3980e5124a64f-81a27,88c1ddfb-d55f-44a7-90a1-0a922c42dd1c,
nf-62d9fbaee061e74051c78b3194ef3379-c5370,6f6f4ee6-27c7-4513-91a8-08ea045450ce,
nf-17459d77503c7282efff3e28707a081b-e0b20,b797b486-0636-43bd-acde-c449f0134963,
nf-532c463d6f2e64feedac9dbd3f2dfbb1-fedf4,f5afee2d-22a4-4e30-bb5c-8210a0b80a28,
nf-75398a222d856348c9dae9b764220444-e8af8,0749df56-7f8f-4415-a3f1-7cf44f68f427,
nf-98a8aa83878106e6ba9f63ee2b84c16f-bb485,0530e353-4a9f-4b94-9d09-733168e4f993,
nf-fe3acbede92a195af8bdf58c2c542302-6d62a,83ddad41-cb2c-4fca-a873-05c5a7147980,
nf-f9095a966ae1362b6596cc7ce871c1ed-b6c95,9dd633bf-c842-4b8d-805f-cba900e402f7,
nf-70993cbab1d0b1f038136ea6d4daed46-e76fd,250f2b56-0b2a-4a5f-ba28-38650e89f9b4,
nf-dba340a32ac306a7dd126cb23b45f34f-b4dc6,3dec7afa-0a56-4c92-a53d-c79bf3bd8d2d,
nf-6bbc4e0e1b245cc1a1298561823033ad-77998,f4177a21-609e-490a-bea5-e96f4638e747,
nf-45dcf056d729d0ac0dc197325e895479-87bff,6da24da2-c991-4f45-9b75-79290df5e323,
nf-5a149550ba60705f6b07ebf7baa847f4-90616,804914f8-6c38-48a4-87cb-16c6a746aacd,
nf-48a675d6c4071353103aa3442f2e5cc1-d34e8,ce04b5fe-ab72-4a72-a7e6-8989781f3143,
nf-20fd05bddebceef51a1640c854eb8f5e-ae075,3f6d9ee1-3a3b-414c-8d36-d553a4b3f124,
nf-52959be0e751df0b6ee9f968311147da-6bbe5,6df78f9d-0d05-431a-80ab-a98c641e7994,
nf-4cc8467fa1c4ab58598fbd594526906f-f9e6d,b16e5a11-01fc-4c94-a730-5a9dc99bc8a1,
nf-4f747eeb2054208c7a505806167e8839-e7e74,79740667-e56c-4170-8e3a-06e40311454b,
nf-cdc95cb307ed1d764fe707b9d9c8d0a0-20f9b,6a5ddce5-98cf-4e14-8ded-29a8edb255a6,
nf-6717ac43dc6362268c8e2d4da5e993b4-898e2,e78e77f7-19f7-4a47-b4b9-b00f0d553b3b,
nf-faab751e33e3e41927a9916c155deccc-cbfa5,c81e288d-3cb5-41fd-b933-85085d6d710b,
nf-9470ecb14b21d420730b8e176381671a-2648f,832492f6-e23b-4984-96e2-2ba2169945d7,
nf-d262f025b4f53da507cd77d2514bb586-23eb6,82fa816f-f01e-4023-966a-7ba8fea0bc31,
nf-96066180daac0b184d1011a158ecbcad-a1c81,4a86934f-f7c7-49f7-bcfd-c96c5699853f,
nf-54b99ebf45b5006a1ced465d6976cfdd-d983f,97185f21-05c8-4642-b7e2-db5ae8996910,
